id;code;name;active;display_order
1;best-of-breed Shirt;zero administration methodologies;false;16574
2;Wooden Track Home;copy;true;50460
3;vortals;turn-key withdrawal;true;88288
4;Toys Buckinghamshire override;Assurance backing up;true;58224
5;AGP Minnesota;Fresh leverage;false;61816
6;Cambridgeshire;Bedfordshire Applications;true;76510
7;clear-thinking Movies Corners;global Soft;false;41825
8;Soap Ohio;tan Honduras;true;42384
9;Licensed;Valleys Rustic;false;12941
10;connecting payment;SQL;false;3642
